{"cameraMode":{"drawMode":0,"name":"Shaded","section":"Shading Mode"},"sceneLighting":true,"audioPlay":false,"sceneViewState":{"showFog":true,"showMaterialUpdate":false,"showSkybox":true,"showFlares":true,"showImageEffects":true,"showParticleSystems":true},"in2DMode":false,"pivot":{"x":11.84822940826416,"y":4.11931037902832,"z":13.822895050048829},"rotation":{"x":-0.14504188299179078,"y":-0.10574560612440109,"z":0.015597730875015259,"w":-0.9836462736129761},"size":26.019258499145509,"orthographic":false}