{"cameraMode":{"drawMode":0,"name":"Shaded","section":"Shading Mode"},"sceneLighting":true,"audioPlay":false,"sceneViewState":{"showFog":true,"showMaterialUpdate":false,"showSkybox":true,"showFlares":true,"showImageEffects":true,"showParticleSystems":true},"in2DMode":false,"pivot":{"x":1.81084406375885,"y":0.12634477019309998,"z":8.8012056350708},"rotation":{"x":-0.09658810496330261,"y":-0.05729213356971741,"z":0.005583976861089468,"w":-0.9936763644218445},"size":9.743490219116211,"orthographic":false}